,AA,Codon,AA_Codon,Codon_AA,AA_Codon2,Codon_AA2
A1,Ala,GCA,Ala_GCA,GCA_Ala,Ala (GCA),GCA (Ala)
A2,Ala,GCC,Ala_GCC,GCC_Ala,Ala (GCC),GCC (Ala)
A3,Ala,GCG,Ala_GCG,GCG_Ala,Ala (GCG),GCG (Ala)
A4,Ala,GCT,Ala_GCT,GCT_Ala,Ala (GCT),GCT (Ala)
R1,Arg,AGA,Arg_AGA,AGA_Arg,Arg (AGA),AGA (Arg)
R2,Arg,AGG,Arg_AGG,AGG_Arg,Arg (AGG),AGG (Arg)
R3,Arg,CGA,Arg_CGA,CGA_Arg,Arg (CGA),CGA (Arg)
R4,Arg,CGC,Arg_CGC,CGC_Arg,Arg (CGC),CGC (Arg)
R5,Arg,CGG,Arg_CGG,CGG_Arg,Arg (CGG),CGG (Arg)
R6,Arg,CGT,Arg_CGT,CGT_Arg,Arg (CGT),CGT (Arg)
N1,Asn,AAC,Asn_AAC,AAC_Asn,Asn (AAC),AAC (Asn)
N2,Asn,AAT,Asn_AAT,AAT_Asn,Asn (AAT),AAT (Asn)
D1,Asp,GAC,Asp_GAC,GAC_Asp,Asp (GAC),GAC (Asp)
D2,Asp,GAT,Asp_GAT,GAT_Asp,Asp (GAT),GAT (Asp)
C1,Cys,TGC,Cys_TGC,TGC_Cys,Cys (TGC),TGC (Cys)
C2,Cys,TGT,Cys_TGT,TGT_Cys,Cys (TGT),TGT (Cys)
Stop1,Stop,TAA,Stop_TAA,TAA_Stop,Stop (TAA),TAA (Stop)
Stop2,Stop,TAG,Stop_TAG,TAG_Stop,Stop (TAG),TAG (Stop)
Stop3,Stop,TGA,Stop_TGA,TGA_Stop,Stop (TGA),TGA (Stop)
Q1,Gln,CAA,Gln_CAA,CAA_Gln,Gln (CAA),CAA (Gln)
Q2,Gln,CAG,Gln_CAG,CAG_Gln,Gln (CAG),CAG (Gln)
E1,Glu,GAA,Glu_GAA,GAA_Glu,Glu (GAA),GAA (Glu)
E2,Glu,GAG,Glu_GAG,GAG_Glu,Glu (GAG),GAG (Glu)
G1,Gly,GGA,Gly_GGA,GGA_Gly,Gly (GGA),GGA (Gly)
G2,Gly,GGC,Gly_GGC,GGC_Gly,Gly (GGC),GGC (Gly)
G3,Gly,GGG,Gly_GGG,GGG_Gly,Gly (GGG),GGG (Gly)
G4,Gly,GGT,Gly_GGT,GGT_Gly,Gly (GGT),GGT (Gly)
H1,His,CAC,His_CAC,CAC_His,His (CAC),CAC (His)
H2,His,CAT,His_CAT,CAT_His,His (CAT),CAT (His)
I1,Ile,ATA,Ile_ATA,ATA_Ile,Ile (ATA),ATA (Ile)
I2,Ile,ATC,Ile_ATC,ATC_Ile,Ile (ATC),ATC (Ile)
I3,Ile,ATT,Ile_ATT,ATT_Ile,Ile (ATT),ATT (Ile)
L1,Leu,CTA,Leu_CTA,CTA_Leu,Leu (CTA),CTA (Leu)
L2,Leu,TTA,Leu_TTA,TTA_Leu,Leu (TTA),TTA (Leu)
L3,Leu,CTC,Leu_CTC,CTC_Leu,Leu (CTC),CTC (Leu)
L4,Leu,TTG,Leu_TTG,TTG_Leu,Leu (TTG),TTG (Leu)
L5,Leu,CTG,Leu_CTG,CTG_Leu,Leu (CTG),CTG (Leu)
L6,Leu,CTT,Leu_CTT,CTT_Leu,Leu (CTT),CTT (Leu)
K1,Lys,AAA,Lys_AAA,AAA_Lys,Lys (AAA),AAA (Lys)
K2,Lys,AAG,Lys_AAG,AAG_Lys,Lys (AAG),AAG (Lys)
M1,Met,ATG,Met_ATG,ATG_Met,Met (ATG),ATG (Met)
F1,Phe,TTC,Phe_TTC,TTC_Phe,Phe (TTC),TTC (Phe)
F2,Phe,TTT,Phe_TTT,TTT_Phe,Phe (TTT),TTT (Phe)
P1,Pro,CCA,Pro_CCA,CCA_Pro,Pro (CCA),CCA (Pro)
P2,Pro,CCC,Pro_CCC,CCC_Pro,Pro (CCC),CCC (Pro)
P3,Pro,CCG,Pro_CCG,CCG_Pro,Pro (CCG),CCG (Pro)
P4,Pro,CCT,Pro_CCT,CCT_Pro,Pro (CCT),CCT (Pro)
S1,Ser,TCA,Ser_TCA,TCA_Ser,Ser (TCA),TCA (Ser)
S2,Ser,AGC,Ser_AGC,AGC_Ser,Ser (AGC),AGC (Ser)
S3,Ser,TCC,Ser_TCC,TCC_Ser,Ser (TCC),TCC (Ser)
S4,Ser,TCG,Ser_TCG,TCG_Ser,Ser (TCG),TCG (Ser)
S5,Ser,AGT,Ser_AGT,AGT_Ser,Ser (AGT),AGT (Ser)
S6,Ser,TCT,Ser_TCT,TCT_Ser,Ser (TCT),TCT (Ser)
T1,Thr,ACA,Thr_ACA,ACA_Thr,Thr (ACA),ACA (Thr)
T2,Thr,ACC,Thr_ACC,ACC_Thr,Thr (ACC),ACC (Thr)
T3,Thr,ACG,Thr_ACG,ACG_Thr,Thr (ACG),ACG (Thr)
T4,Thr,ACT,Thr_ACT,ACT_Thr,Thr (ACT),ACT (Thr)
W1,Trp,TGG,Trp_TGG,TGG_Trp,Trp (TGG),TGG (Trp)
Y1,Tyr,TAC,Tyr_TAC,TAC_Tyr,Tyr (TAC),TAC (Tyr)
Y2,Tyr,TAT,Tyr_TAT,TAT_Tyr,Tyr (TAT),TAT (Tyr)
V1,Val,GTA,Val_GTA,GTA_Val,Val (GTA),GTA (Val)
V2,Val,GTC,Val_GTC,GTC_Val,Val (GTC),GTC (Val)
V3,Val,GTG,Val_GTG,GTG_Val,Val (GTG),GTG (Val)
V4,Val,GTT,Val_GTT,GTT_Val,Val (GTT),GTT (Val)
